﻿country_id,country,last_update
1,Afghanistan,44:00.0
2,Algeria,44:00.0
3,American Samoa,44:00.0
4,Angola,44:00.0
5,Anguilla,44:00.0
6,Argentina,44:00.0
7,Armenia,44:00.0
8,Australia,44:00.0
9,Austria,44:00.0
10,Azerbaijan,44:00.0
11,Bahrain,44:00.0
12,Bangladesh,44:00.0
13,Belarus,44:00.0
14,Bolivia,44:00.0
15,Brazil,44:00.0
16,Brunei,44:00.0
17,Bulgaria,44:00.0
18,Cambodia,44:00.0
19,Cameroon,44:00.0
20,Canada,44:00.0
21,Chad,44:00.0
22,Chile,44:00.0
23,China,44:00.0
24,Colombia,44:00.0
25,"Congo, The Democratic Republic of the",44:00.0
26,Czech Republic,44:00.0
27,Dominican Republic,44:00.0
28,Ecuador,44:00.0
29,Egypt,44:00.0
30,Estonia,44:00.0
31,Ethiopia,44:00.0
32,Faroe Islands,44:00.0
33,Finland,44:00.0
34,France,44:00.0
35,French Guiana,44:00.0
36,French Polynesia,44:00.0
37,Gambia,44:00.0
38,Germany,44:00.0
39,Greece,44:00.0
40,Greenland,44:00.0
41,Holy See (Vatican City State),44:00.0
42,Hong Kong,44:00.0
43,Hungary,44:00.0
44,India,44:00.0
45,Indonesia,44:00.0
46,Iran,44:00.0
47,Iraq,44:00.0
48,Israel,44:00.0
49,Italy,44:00.0
50,Japan,44:00.0
51,Kazakstan,44:00.0
52,Kenya,44:00.0
53,Kuwait,44:00.0
54,Latvia,44:00.0
55,Liechtenstein,44:00.0
56,Lithuania,44:00.0
57,Madagascar,44:00.0
58,Malawi,44:00.0
59,Malaysia,44:00.0
60,Mexico,44:00.0
61,Moldova,44:00.0
62,Morocco,44:00.0
63,Mozambique,44:00.0
64,Myanmar,44:00.0
65,Nauru,44:00.0
66,Nepal,44:00.0
67,Netherlands,44:00.0
68,New Zealand,44:00.0
69,Nigeria,44:00.0
70,North Korea,44:00.0
71,Oman,44:00.0
72,Pakistan,44:00.0
73,Paraguay,44:00.0
74,Peru,44:00.0
75,Philippines,44:00.0
76,Poland,44:00.0
77,Puerto Rico,44:00.0
78,Romania,44:00.0
79,Runion,44:00.0
80,Russian Federation,44:00.0
81,Saint Vincent and the Grenadines,44:00.0
82,Saudi Arabia,44:00.0
83,Senegal,44:00.0
84,Slovakia,44:00.0
85,South Africa,44:00.0
86,South Korea,44:00.0
87,Spain,44:00.0
88,Sri Lanka,44:00.0
89,Sudan,44:00.0
90,Sweden,44:00.0
91,Switzerland,44:00.0
92,Taiwan,44:00.0
93,Tanzania,44:00.0
94,Thailand,44:00.0
95,Tonga,44:00.0
96,Tunisia,44:00.0
97,Turkey,44:00.0
98,Turkmenistan,44:00.0
99,Tuvalu,44:00.0
100,Ukraine,44:00.0
101,United Arab Emirates,44:00.0
102,United Kingdom,44:00.0
103,United States,44:00.0
104,Venezuela,44:00.0
105,Vietnam,44:00.0
106,"Virgin Islands, U.S.",44:00.0
107,Yemen,44:00.0
108,Yugoslavia,44:00.0
109,Zambia,44:00.0
